"","ta","math_grade","spanish_grade","better_at_math"
"1","Phuong Vu",3.43296821048822,3.77141123458927,FALSE
"2","Yunwei Liang",3.67006235846445,3.65785155894889,TRUE
"3","Yubing Tian",3.67541999911114,3.97827377123848,FALSE
"4","Gavin Sreesangkom",3.15736811820394,3.85217384696015,FALSE
"5","Coco Li",3.31266421509567,3.35348731532696,FALSE
"6","George Zhang",3.63536745126595,4,FALSE
"7","Saurav Sawansukha",3.7602611772959,3.59033957660021,TRUE
"8","YuYu Madigan",3.60416679926193,3.68703964696264,FALSE
